-- =============================================================
-- METAVIX — Seed Data
-- Run this in the Neon SQL Editor or via psql
-- Safe to re-run: deletes existing data first (child → parent order)
-- =============================================================

-- Clean up (respect FK order)
DELETE FROM "ToolResults";
DELETE FROM "LabResults";
DELETE FROM "DailyRecords";
DELETE FROM "Admissions";
DELETE FROM "Patients";
DELETE FROM "Doctors";

-- =============================================================
-- DOCTORS
-- DiabetesType: None=0, Type1=1, Type2=2, Prediabetes=3
-- =============================================================
INSERT INTO "Doctors" ("Id", "FirstName", "LastName", "LicenseNumber", "Speciality", "Email", "Phone", "IsActive", "CreatedAt")
VALUES
    ('a1000000-0000-0000-0000-000000000001', 'Carlos',   'Mendoza',   'MED-001', 'Endocrinología',      'carlos.mendoza@metavix.mx',   '5512345678', true,  '2025-01-10 08:00:00+00'),
    ('a1000000-0000-0000-0000-000000000002', 'Sofía',    'Reyes',     'MED-002', 'Medicina Interna',    'sofia.reyes@metavix.mx',      '5598765432', true,  '2025-02-15 09:00:00+00');

-- =============================================================
-- PATIENTS
-- DiabetesType: None=0, Type1=1, Type2=2, Prediabetes=3
-- =============================================================
INSERT INTO "Patients" ("Id", "PrimaryDoctorId", "FirstName", "LastName", "MedicalRecordNumber", "DateOfBirth", "Email", "Phone", "DiabetesType", "IsActive", "CreatedAt", "UpdatedAt")
VALUES
    ('b2000000-0000-0000-0000-000000000001', 'a1000000-0000-0000-0000-000000000001', 'Juan',     'García',    'MRN-0001', '1978-04-12', 'juan.garcia@gmail.com',    '5511223344', 2, true,  '2025-03-01 10:00:00+00', NULL),
    ('b2000000-0000-0000-0000-000000000002', 'a1000000-0000-0000-0000-000000000001', 'María',    'López',     'MRN-0002', '1990-07-23', 'maria.lopez@gmail.com',    '5544332211', 1, true,  '2025-03-05 11:00:00+00', '2025-04-01 08:00:00+00'),
    ('b2000000-0000-0000-0000-000000000003', 'a1000000-0000-0000-0000-000000000002', 'Roberto',  'Hernández', 'MRN-0003', '1965-11-30', 'roberto.hdz@gmail.com',    '5566778899', 2, true,  '2025-03-10 09:30:00+00', NULL),
    ('b2000000-0000-0000-0000-000000000004', 'a1000000-0000-0000-0000-000000000002', 'Ana',      'Martínez',  'MRN-0004', '1985-02-14', 'ana.martinez@gmail.com',   '5577889900', 3, true,  '2025-04-01 14:00:00+00', NULL),
    ('b2000000-0000-0000-0000-000000000005', 'a1000000-0000-0000-0000-000000000001', 'Luis',     'Torres',    'MRN-0005', '1952-09-08', NULL,                       NULL,         2, false, '2025-04-10 16:00:00+00', '2025-05-01 10:00:00+00');

-- =============================================================
-- ADMISSIONS
-- =============================================================
INSERT INTO "Admissions" ("Id", "PatientId", "DoctorId", "AdmittedAt", "DischargedAt", "Reason", "IdempotencyKey", "CreatedAt")
VALUES
    ('c3000000-0000-0000-0000-000000000001', 'b2000000-0000-0000-0000-000000000001', 'a1000000-0000-0000-0000-000000000001', '2025-04-05 08:00:00+00', '2025-04-08 12:00:00+00', 'Descompensación glucémica severa',     'idem-adm-001', '2025-04-05 08:00:00+00'),
    ('c3000000-0000-0000-0000-000000000002', 'b2000000-0000-0000-0000-000000000003', 'a1000000-0000-0000-0000-000000000002', '2025-05-01 10:00:00+00', '2025-05-04 09:00:00+00', 'Crisis hipertensiva con hiperglucemia', 'idem-adm-002', '2025-05-01 10:00:00+00'),
    ('c3000000-0000-0000-0000-000000000003', 'b2000000-0000-0000-0000-000000000002', 'a1000000-0000-0000-0000-000000000001', '2025-05-15 07:30:00+00', NULL,                    'Hipoglucemia grave — en observación',  'idem-adm-003', '2025-05-15 07:30:00+00');

-- =============================================================
-- DAILY RECORDS
-- Source: Patient=0, Doctor=1
-- =============================================================
INSERT INTO "DailyRecords" ("Id", "PatientId", "DoctorId", "RecordedById", "Source", "RecordDate", "RecordTime", "FastingGlucose", "PostprandialGlucose", "SystolicPressure", "DiastolicPressure", "HeartRate", "WeightKg", "WaistCm", "Notes", "CreatedAt")
VALUES
    -- Juan García (Type2)
    ('d4000000-0000-0000-0000-000000000001', 'b2000000-0000-0000-0000-000000000001', 'a1000000-0000-0000-0000-000000000001', 'a1000000-0000-0000-0000-000000000001', 1, '2025-05-01', '08:15', 145.0, 210.0, 138, 88, 78, 92.5, 102.0, 'Paciente refiere no haber tomado metformina ayer', '2025-05-01 08:30:00+00'),
    ('d4000000-0000-0000-0000-000000000002', 'b2000000-0000-0000-0000-000000000001', 'a1000000-0000-0000-0000-000000000001', 'a1000000-0000-0000-0000-000000000001', 0, '2025-05-08', '07:45', 132.0, 188.0, 135, 85, 80, 91.8, 101.5, NULL,                                               '2025-05-08 08:00:00+00'),
    ('d4000000-0000-0000-0000-000000000003', 'b2000000-0000-0000-0000-000000000001', 'a1000000-0000-0000-0000-000000000001', 'a1000000-0000-0000-0000-000000000001', 0, '2025-05-15', '08:00', 128.0, 175.0, 130, 82, 76, 91.2, 100.8, 'Mejora sostenida, ajuste de dosis pendiente',      '2025-05-15 08:15:00+00'),

    -- María López (Type1)
    ('d4000000-0000-0000-0000-000000000004', 'b2000000-0000-0000-0000-000000000002', 'a1000000-0000-0000-0000-000000000001', 'a1000000-0000-0000-0000-000000000001', 1, '2025-05-02', '09:00', 68.0,  95.0,  118, 76, 72, 58.3, 72.0, 'Episodio hipoglucémico nocturno previo',           '2025-05-02 09:15:00+00'),
    ('d4000000-0000-0000-0000-000000000005', 'b2000000-0000-0000-0000-000000000002', 'a1000000-0000-0000-0000-000000000001', 'a1000000-0000-0000-0000-000000000001', 0, '2025-05-10', '08:30', 82.0,  110.0, 120, 78, 74, 58.0, 71.5, NULL,                                               '2025-05-10 08:45:00+00'),

    -- Roberto Hernández (Type2)
    ('d4000000-0000-0000-0000-000000000006', 'b2000000-0000-0000-0000-000000000003', 'a1000000-0000-0000-0000-000000000002', 'a1000000-0000-0000-0000-000000000002', 1, '2025-05-03', '10:00', 178.0, 240.0, 155, 95, 88, 105.0, 112.0, 'Dieta inadecuada durante el fin de semana',       '2025-05-03 10:15:00+00'),
    ('d4000000-0000-0000-0000-000000000007', 'b2000000-0000-0000-0000-000000000003', 'a1000000-0000-0000-0000-000000000002', 'a1000000-0000-0000-0000-000000000002', 0, '2025-05-12', '09:30', 162.0, 220.0, 148, 92, 84, 104.5, 111.0, NULL,                                              '2025-05-12 09:45:00+00'),

    -- Ana Martínez (Prediabetes)
    ('d4000000-0000-0000-0000-000000000008', 'b2000000-0000-0000-0000-000000000004', 'a1000000-0000-0000-0000-000000000002', 'a1000000-0000-0000-0000-000000000002', 1, '2025-05-06', '08:00', 108.0, 148.0, 125, 80, 70, 72.0, 85.0, 'Primera consulta de seguimiento',                 '2025-05-06 08:15:00+00'),
    ('d4000000-0000-0000-0000-000000000009', 'b2000000-0000-0000-0000-000000000004', 'a1000000-0000-0000-0000-000000000002', 'a1000000-0000-0000-0000-000000000002', 0, '2025-05-13', '07:50', 102.0, 140.0, 122, 78, 68, 71.5, 84.5, NULL,                                               '2025-05-13 08:00:00+00');

-- =============================================================
-- LAB RESULTS
-- =============================================================
INSERT INTO "LabResults" ("Id", "PatientId", "DoctorId", "SampleDate", "Hba1c", "TotalCholesterol", "Ldl", "Hdl", "Triglycerides", "Creatinine", "Bun", "Notes", "CreatedAt")
VALUES
    -- Juan García
    ('e5000000-0000-0000-0000-000000000001', 'b2000000-0000-0000-0000-000000000001', 'a1000000-0000-0000-0000-000000000001', '2025-03-15', 8.2, 215.0, 138.0, 42.0, 195.0, 0.95, 18.0, 'Control trimestral — mal control glucémico',  '2025-03-16 10:00:00+00'),
    ('e5000000-0000-0000-0000-000000000002', 'b2000000-0000-0000-0000-000000000001', 'a1000000-0000-0000-0000-000000000001', '2025-05-10', 7.6, 198.0, 122.0, 45.0, 172.0, 0.92, 17.0, 'Mejora tras ajuste de tratamiento',           '2025-05-11 09:00:00+00'),

    -- María López
    ('e5000000-0000-0000-0000-000000000003', 'b2000000-0000-0000-0000-000000000002', 'a1000000-0000-0000-0000-000000000001', '2025-04-20', 7.1, 180.0, 110.0, 55.0, 140.0, 0.80, 14.0, 'Buen control — continuar esquema actual',     '2025-04-21 08:30:00+00'),

    -- Roberto Hernández
    ('e5000000-0000-0000-0000-000000000004', 'b2000000-0000-0000-0000-000000000003', 'a1000000-0000-0000-0000-000000000002', '2025-04-10', 9.1, 240.0, 160.0, 35.0, 280.0, 1.10, 22.0, 'Dislipidemia severa, valorar estatinas',      '2025-04-11 11:00:00+00'),
    ('e5000000-0000-0000-0000-000000000005', 'b2000000-0000-0000-0000-000000000003', 'a1000000-0000-0000-0000-000000000002', '2025-05-12', 8.7, 228.0, 150.0, 37.0, 255.0, 1.08, 21.0, 'Leve mejoría tras inicio de rosuvastatina', '2025-05-13 10:00:00+00'),

    -- Ana Martínez
    ('e5000000-0000-0000-0000-000000000006', 'b2000000-0000-0000-0000-000000000004', 'a1000000-0000-0000-0000-000000000002', '2025-04-25', 5.9, 190.0, 115.0, 50.0, 155.0, 0.82, 15.0, 'Prediabetes confirmada — intervención de estilo de vida', '2025-04-26 09:00:00+00');

-- =============================================================
-- TOOL RESULTS
-- Tools from consultorio repo: IMC, HbA1c, RiesgoCardiovascular,
-- Cockcroft (función renal), Neuropatía
-- =============================================================
INSERT INTO "ToolResults" ("Id", "PatientId", "DoctorId", "ToolName", "Result", "CreatedAt")
VALUES
    ('f6000000-0000-0000-0000-000000000001', 'b2000000-0000-0000-0000-000000000001', 'a1000000-0000-0000-0000-000000000001', 'IMC',                  '29.8 - Sobrepeso',                          '2025-05-01 08:45:00+00'),
    ('f6000000-0000-0000-0000-000000000002', 'b2000000-0000-0000-0000-000000000001', 'a1000000-0000-0000-0000-000000000001', 'RiesgoCardiovascular',  'Riesgo moderado-alto (Framingham 18%)',      '2025-05-01 08:50:00+00'),
    ('f6000000-0000-0000-0000-000000000003', 'b2000000-0000-0000-0000-000000000002', 'a1000000-0000-0000-0000-000000000001', 'IMC',                  '22.1 - Normal',                             '2025-05-02 09:20:00+00'),
    ('f6000000-0000-0000-0000-000000000004', 'b2000000-0000-0000-0000-000000000002', 'a1000000-0000-0000-0000-000000000001', 'Neuropatia',           'Puntuación 3/10 — sin neuropatía clínica',  '2025-05-02 09:25:00+00'),
    ('f6000000-0000-0000-0000-000000000005', 'b2000000-0000-0000-0000-000000000003', 'a1000000-0000-0000-0000-000000000002', 'IMC',                  '33.2 - Obesidad grado I',                   '2025-05-03 10:30:00+00'),
    ('f6000000-0000-0000-0000-000000000006', 'b2000000-0000-0000-0000-000000000003', 'a1000000-0000-0000-0000-000000000002', 'Cockcroft',            'TFG estimada: 68 mL/min — G2 leve',         '2025-05-03 10:35:00+00'),
    ('f6000000-0000-0000-0000-000000000007', 'b2000000-0000-0000-0000-000000000004', 'a1000000-0000-0000-0000-000000000002', 'IMC',                  '26.5 - Sobrepeso leve',                     '2025-05-06 08:20:00+00'),
    ('f6000000-0000-0000-0000-000000000008', 'b2000000-0000-0000-0000-000000000004', 'a1000000-0000-0000-0000-000000000002', 'RiesgoCardiovascular',  'Riesgo bajo (Framingham 6%)',               '2025-05-06 08:25:00+00');
